"calBP","conSE","decSE","wetwSE","wetmSE","pasSE","araSE","heaSE"
500,3.62514342883049,2.30634827378291,1.22586916900267,0.192411197402088,0.436395343754222,0.492883289656238,0.573061423486065
600,4.55209736940333,2.43707650195032,1.44155914412095,0.163298474334761,0.456643087290205,0.452631915517164,0.417829283470157
700,3.09069387687616,2.87430674894323,0.864463016379572,0.167931532029379,0.282815653864872,0.20186229270277,0.297360099620587
800,3.45810903022167,2.26282590180408,1.26707672227194,0.160415299621189,0.271764994212002,0.10366166208492,0.382525607062715
900,5.5339886174033,3.05845144245093,1.32911631236159,0.154410290933521,0.35783373777891,0.248895670762932,0.187130666937924
1000,4.60938929100355,3.63313415233873,1.00518507480383,0.18082605357206,0.258464134534429,0.0507058871314739,0.208111432609391
1100,4.67639698441278,3.25612601665094,1.40915516949815,0.327837015912763,0.37198857351091,0.0571220343175227,0.672071547735808
1200,4.91078551030591,3.48250646654644,1.02070575212345,0.273620641331954,0.402847901452545,0.0798426708305024,1.54714824812289
1300,4.83223924380145,2.75006585134087,1.06153206689181,0.219198858394456,0.387666286273047,0.0877123666707316,0.606067455821377
1400,3.94779815392354,3.02218429366386,2.21572943000903,0.270778640496118,0.298451753499983,0.0409577082850471,0.094043303482608
1500,4.52700010885762,2.40377712140054,1.44861577562404,0.10466005067605,0.104210202402446,0.0239752909061455,0.214900222612851
1600,4.06322800432954,1.6629261381778,0.869941731666245,0.122422949702337,0.0882085008252366,0.0266461038445656,0.0890302515992193
1700,4.05879698003048,2.6018434085425,1.03528872316086,0.0474713207112285,0.0840721159843213,0.0328720151979163,0.112381416784468
1800,3.65464180812629,2.86854620643784,1.02438887128886,0.132701268886355,0.0887780776038582,0.0430127936205707,0.0746801006743233
1900,2.74336023324784,1.87499550412858,1.00016744586957,0.105740902680029,0.0954586013404142,0.0426195317737867,0.0770176345772485
2000,2.29262307091317,1.91457371177779,0.638230146532148,0.0376429552971788,0.0328485446913801,0.0185786339218667,0.0395300836353543
2100,3.19367124154725,3.30407311345854,1.85897544042859,0.164903264054237,0.0872195878113311,0.0322746600806644,0.227205323393338
2200,5.01287840761792,5.03448701990767,2.14196612551334,0.160111629779374,0.2580364418809,0.025429652619943,0.264719395561803
2300,2.7717711247074,2.14810182671564,0.861280161733932,0.0198374654284482,0.029662338195976,0.0122102548527589,0.1357333186481
2400,6.30318081743774,4.46179155213554,1.20217395100565,0.138578847384569,0.0926453483605581,0.0386445578723121,0.476847044864185
2500,2.98334302562979,2.3165310596245,0.527427061844907,0.0204799131556696,0.04025929079983,0.018018139131844,0.0780905746704761
2600,4.50385573705275,2.73731888595045,1.12966088179352,0.234577230187907,0.0419790099210518,0.0198200705245132,0.146514817763377
2700,4.40887678122402,3.32126403524699,0.874847608519461,0.0942691757568024,0.0647506006208937,0.0316536778229772,0.105771225909593
2800,3.58082310546312,2.79168805558904,1.20032763450083,0.0436920033476384,0.0559415805104902,0.0161785952392232,0.223051533148983
2900,2.79131967665882,2.79718295100038,0.793761778374502,0.218123866976182,0.104608228150471,0.0176177883012563,0.0755197632890943
3000,3.24149882369657,3.30094414897993,1.13367816806157,0.0545158362111584,0.0886398167859456,0.0167362455423143,0.0814955474096643
3100,4.43550441456307,3.17169863816622,1.84275883714491,0.120332315991748,0.113726621011521,0.0130482864019761,0.152022352242925
3200,4.74972364367855,3.61394641818981,1.20621900723988,0.123003280614644,0.121424897399712,0.0194130404547445,0.0395630849327474
3300,3.67596528911454,3.75544029029478,0.913240028679949,0.315892039529579,0.229569861153684,0.0147858094394351,0.0626250628250034
3400,4.02255240401309,4.83810066253128,1.37221052598264,0.362092171670728,0.161048130893549,0.0347223847623595,0.0460082627032244
3500,2.32652529199978,3.18510194996929,1.00818904320419,0.048044244407498,0.103653836277133,0.0280478596807548,0.223932912085694
3600,2.80820776008011,4.12131791783585,0.828032920520142,0.0645504372830904,0.109326763891087,0.00906990991431619,0.0213423247317938
3700,3.1136656967635,5.00532832852158,1.31507787248515,0.13978055405038,0.112078144943024,0.0235995840997793,0.0430195728146657
3800,2.40824578983137,4.27475171757151,1.02272610302416,0.0850187097141718,0.0879169266727495,0.0226975725015539,0.0481822228650229
3900,3.06562757206857,5.09809931339506,1.40899388570559,0.131681356608737,0.114441302982759,0.0324382171609418,0.10036783701714
4000,2.03596959992261,3.81088882288877,0.787359279905133,0.0811767056254189,0.0609546221735602,0.0248944765776204,0.0261774686669196
4100,2.42026645847166,4.73966873425027,1.53883554925244,0.064270697704973,0.0830515914620021,0.0162058029109236,0.0776052570043399
4200,2.39229636370125,5.5499772885921,1.5245276997562,0.165216274750843,0.100527435133998,0.0225632166870612,0.0397705789805387
4300,2.94334816652008,5.27970109385338,1.29929407122027,0.121315436412525,0.0997597526865876,0.0202937409402811,0.0502069437466825
4400,1.82378589478303,4.78290558348299,2.05815244820966,0.099782701660329,0.0570636661343718,0.025844448378748,0.0944698898047576
4500,2.06253449924859,4.4520137017396,1.04791091993023,0.172028001799542,0.0669601066230868,0.0346524598720662,0.0451173172803588
4600,2.00337780607329,2.85930554737171,0.809183467863319,0.0573090798680149,0.0417723934782228,0.0135113024214619,0.153447855987283
4700,1.10065231903903,1.98394770911472,0.48361731026357,0.296232724947701,0.0855948123334207,0.00461029501429899,0.0147620334330247
4800,1.52728059270844,2.93108166484142,1.22434625348477,0.109917341375416,0.0419611622036973,0.0116433403998489,0.0794579310255877
4900,0.800005219748386,1.68467138478213,0.265608165472267,0.0420777579371393,0.0169074867237126,0.00586306978672679,0.00738552437223043
5000,0.847844396557796,2.1758800020295,0.805644855163248,0.0255697145280323,0.0225061398252833,0.00397823176765031,0.0740057962869351
5100,0.868362296901629,1.4199619470889,0.362076747204014,0.100117444041138,0.0293929943321929,0.00421968849743356,0.0220535523247991
5200,1.02615062149133,2.27458561778516,1.36100898788579,0.0252564554849024,0.0283533897513599,0.00762415833159239,0.0386272850870188
5300,0.852865017585045,2.35568433670869,0.550761334856472,0.0163234064104579,0.126776411851006,0.00942329504245887,0.0358028204225675
5400,1.90227241782534,3.09104623082575,0.590070717953422,0.143641982448488,0.0581179038492849,0.0116232721725491,0.0177669307603101
5500,0.834033734965707,1.96830161299514,0.872453261109099,0.0415318213878916,0.0211947078219725,0.00428248875730076,0.132328384544923
5600,1.10007578215945,1.49293088306497,0.333626610934264,0.0317793805564998,0.0126363692554934,0.00708611480256718,0.00196634422227029
5700,1.22568168733121,2.95475989469471,1.53965589118327,0.0350676214261743,0.0710502460225902,0.00881042272666535,0.0519535908330016
5800,0.784593739284616,2.68041295093695,0.40486124131045,0.019430484428459,0.0406451233442957,0.00583483261540065,0.0322600174393126
5900,1.07940789387799,1.43844739892867,1.03678056898854,0.0869403405096916,0.037119437698918,0.00881083242338969,0.0466058186420536
6000,1.78726134907809,4.01193892172486,0.847738729116816,0.0873736836087275,0.064624075683049,0.0127287765169952,0.0244199951743349
6100,1.16450731275814,2.26461950423878,0.390198882575879,0.0517007810169237,0.0502531190881371,0.00756407396831765,0.030572544391895
6200,0.490236004210505,1.7322221001238,0.598876453766572,0.0187696743979043,0.0499386756379772,0.00509299170538992,0.0847861755696193
6300,1.37816906052467,3.21581993973539,0.88285463315196,0.164638041243184,0.0760064868302654,0.0136295518277992,0.0106966943966414
6400,1.52933667633611,3.58125017385815,0.703506718033711,0.0456442093284229,0.0522862395180504,0.00676854463153635,0.0230734297449625
6500,0.758900808106679,2.29856828181445,0.596717041098772,0.108118213755354,0.0427616953814901,0.00892487629329734,0.110838854180516
6600,1.95296659156763,4.19271336382495,1.02964715174693,0.158319008389058,0.0619603284057482,0.0172960487241251,0.0233414912325249
6700,1.45003435301194,2.66888465285824,0.670316569918718,0.0371200959825802,0.0856077060250039,0.00783096000972361,0.0282225214807134
6800,1.46675677547487,3.87070119446475,0.940536152443824,0.102793814178487,0.0783184053153546,0.01978008119035,0.191401137350444
6900,0.866348660681032,1.72526031967603,0.288093465766951,0.021683734467468,0.0428544570327129,0.00284692652036248,0.0291980565563926
7000,1.26468935139996,3.03193606575267,0.556300803242955,0.0373504355220206,0.0588350166424463,0.00509083833308445,0.00770393194621155
7100,1.82969599190713,4.13093860055559,1.19394658394035,0.158233652768589,0.0856079589707934,0.0226601149497551,0.0348302047123698
7200,0.725216294197687,2.44086746203678,0.461963505176724,0.200996104354945,0.132374574552524,0.00485130215869337,0.00461601925075451
7300,2.09928154006608,3.42842875143351,0.720917453357892,0.111932639723654,0.10165827814121,0.0219387269345999,0.00945276197194659
7400,2.34099776575106,1.77932854701778,0.628191295568633,0.0615447681342434,0.0536313719449481,0.00491270782312698,0.0263113473772615
7500,2.66528858890122,2.32228216781906,0.668542891275839,0.0567253077603343,0.0614509216826261,0.00969303500576104,0.00863898587373728
7600,1.48940802673565,3.78314137723471,0.808923543031215,0.144247365477146,0.0848106674418303,0.00627823537357455,0.00696983412300695
7700,2.95812022187809,3.69683010456299,0.886924362184462,0.106167578250739,0.14878051697951,0.0119201733266004,0.0426800680344112
7800,1.94455613819647,1.85547996806221,0.526497006745732,0.0958656003252824,0.0437921891047615,0.0135437674586778,0.00537293420902565
7900,1.55176233587639,0.941022845299831,0.390894426535974,0.0419403708609411,0.0099949835184051,0.00359066143180196,0.00155400155400155
8000,2.22117448511965,2.59564064494824,0.868525759370836,0.0892206161000893,0.0823791371947843,0.0184841628985021,0.00943014764152884
8100,2.45323515961685,3.12760697109817,0.641351793768542,0.146221439200479,0.0477573685059916,0.0180693312759419,0.018329268014817
8200,2.91966245865507,4.44195000940245,1.17783020182461,0.065349314431672,0.216298984802591,0.0155673573357356,0.0141499339211706
8300,2.71675831440228,3.08253893174163,1.28203661991528,0.179697912684171,0.135945191571123,0.0207961718376282,0.0298680799261593
8400,1.62721773773675,2.49605252207547,0.755709099982039,0.0311665053968152,0.0638252035603956,0.00495907664987225,0.00951185750585222
8500,3.32635975583785,3.56885906300821,1.09120086578396,0.268028567870618,0.115549368912439,0.0227422054107669,0.0213690546922934
8600,2.50286838823041,2.59814428247331,0.642176667908934,0.0916340280383206,0.0657176914337814,0.00383729571826965,0.0221439737002576
8700,2.8509141159319,3.47748353415927,0.947471820226634,0.131755624966915,0.395669080958572,0.00742122446470782,0.0216345273791486
8800,3.69909303286276,3.84528178948582,1.09967015404708,0.427847630016755,0.271017000808594,0.0177164851353248,0.0290434107990632
8900,1.49839627578968,2.60258670243608,0.741654753470275,0.0434782358970592,0.0764323560658729,0.00689105058365759,0.0117821011673152
9000,2.84627760216082,3.41266269244013,0.908127216482319,0.351398112633428,0.708243163459246,0.0258091683934662,0.0113619957256514
9100,2.45814531653537,2.93217044735604,0.83072212177448,0.541294213116579,0.127424243541963,0.0122638114012335,0.0356219095195221
9200,4.10118820724192,3.04663104539367,0.878153083019331,0.166886166826466,0.468104976654391,0.0237723943547213,0.026113612899323
9300,4.67143778509411,2.38936644148969,0.760963824406198,0.264676189231749,0.320016990368834,0.0113569760968982,0.0198239893306414
9400,4.16951283898632,3.17528353354186,0.644278950235337,1.05822544694138,0.458859391523819,0.0322685588414238,0.0427891391218478
9500,2.27019771292447,2.59825221036769,0.411169898791803,0.600185856109914,0.337396294019916,0.0345851573685899,0.0367902706317661
9600,3.47149278836736,2.83931955049428,0.634495492796819,0.240646737566121,0.258140843053927,0.0325130923974576,0.0318899124216779
9700,1.02708330615411,1.4676122733324,0.184611472121421,0.0470747031207125,0.439084730397341,0.0170394518698005,0.0152625075236525
