"yearsBP","conSE","decSE","wetwSE","wetmSE","pasSE","araSE","heaSE","SPD","clim","conSEs","decSEs","wetwSEs","wetmSEs","pasSEs","araSEs","heaSEs"
9000,2.84627760216082,3.41266269244013,0.908127216482319,0.351398112633428,0.708243163459246,0.0258091683934662,0.0113619957256514,0.00500132382385769,-0.544984660302,3.51926222775805,2.94520765666988,0.656565257453464,0.408798428193294,0.417833703500604,0.0258091683934662,0.0274566671467603
8900,1.49839627578968,2.60258670243608,0.741654753470275,0.0434782358970592,0.0764323560658729,0.00689105058365759,0.0117821011673152,0.00481648629821418,-0.371049857803,2.72600185043195,2.99851272190648,0.72619566762207,0.408348869790337,0.392337759762559,0.0068910505836576,0.0270216163522181
8800,3.69909303286276,3.84528178948582,1.09967015404708,0.427847630016755,0.271017000808594,0.0177164851353248,0.0290434107990632,0.00482875265368701,-0.593811757306,2.62547805683716,3.19817540792952,0.784342500278353,0.431748981346666,0.173724678437233,0.0177164851353248,0.0266658036493913
8700,2.8509141159319,3.47748353415927,0.947471820226634,0.131755624966915,0.395669080958572,0.00742122446470782,0.0216345273791486,0.00492524471477712,-0.883774918138,2.72367025668629,3.33450367963032,0.851380240457707,0.373195202453791,0.333343040883583,0.00742122446470783,0.0247713357428141
8600,2.50286838823041,2.59814428247331,0.642176667908934,0.0916340280383206,0.0657176914337814,0.00383729571826965,0.0221439737002576,0.00523249789174618,-1.05493861239,2.63781795320369,3.13087407713862,0.851117455166906,0.252371275090909,0.230693386196177,0.00383729571826966,0.0221906900651153
8500,3.32635975583785,3.56885906300821,1.09120086578396,0.268028567870618,0.115549368912439,0.0227422054107669,0.0213690546922934,0.0072027093586989,-1.24637883823,3.09480882321573,3.37244216728165,0.892397085339127,0.252790322420767,0.0906335301731101,0.0227422054107669,0.0223838232353218
8400,1.62721773773675,2.49605252207547,0.755709099982039,0.0311665053968152,0.0638252035603956,0.00495907664987225,0.00951185750585222,0.00802179566923395,-1.0703911513,2.57683999943423,3.03513485042907,0.877091587459465,0.235825364742061,0.0896872862364172,0.00495907664987226,0.020308603811138
8300,2.71675831440228,3.08253893174163,1.28203661991528,0.179697912684171,0.135945191571123,0.0207961718376282,0.0298680799261593,0.0095244128246184,-0.853440247085,2.54330104905182,2.93639869982466,0.933505899727065,0.19062582718801,0.0998851975657592,0.0207961718376282,0.0195893751119676
8200,2.91966245865507,4.44195000940245,1.17783020182461,0.065349314431672,0.216298984802591,0.0155673573357356,0.0141499339211706,0.0088384292478837,-1.04746551781,2.64749956665799,3.39735013155694,0.967218772894852,0.154869727412791,0.176122088186857,0.0155673573357356,0.0199378673864075
8100,2.45323515961685,3.12760697109817,0.641351793768542,0.146221439200479,0.0477573685059916,0.0180693312759419,0.018329268014817,0.00837555493418671,-1.23846850097,2.42921841760274,3.28703710857943,0.954680902932135,0.167712627825718,0.132028176654291,0.0180693312759419,0.0207562632423452
8000,2.22117448511965,2.59564064494824,0.868525759370836,0.0892206161000893,0.0823791371947843,0.0184841628985021,0.00943014764152884,0.00838105703127126,-0.991120225452,2.57770760444846,3.31193413929762,0.925787853597605,0.125384251086135,0.0650682528503879,0.0184841628985021,0.0183046053476534
7900,1.55176233587639,0.941022845299831,0.390894426535974,0.0419403708609411,0.0099949835184051,0.00359066143180196,0.00155400155400155,0.00586430412933272,-0.359731129329,2.28645860981699,2.77655511768717,0.856215679386272,0.114157344322888,0.0461870603565946,0.00359066143180197,0.0157945396195101
7800,1.94455613819647,1.85547996806221,0.526497006745732,0.0958656003252824,0.0437921891047615,0.0135437674586778,0.00537293420902565,0.005396446613873,-0.0773111177256,2.04268202970234,2.12993760735211,0.841755721740872,0.114686290858758,0.0268935863115832,0.0135437674586778,0.0136981596831061
7700,2.95812022187809,3.69683010456299,0.886924362184462,0.106167578250739,0.14878051697951,0.0119201733266004,0.0426800680344112,0.00471233139707818,0.218759448132,2.16890329526765,2.27224339071832,0.816221158790935,0.0944536671562735,0.0962863530421356,0.0119201733266004,0.0163620363508708
7600,1.48940802673565,3.78314137723471,0.808923543031215,0.144247365477146,0.0848106674418303,0.00627823537357455,0.00696983412300695,0.00456230667810437,0.331832431993,1.98596168067165,2.56911857378994,0.822872964172082,0.108588774666315,0.11679559221067,0.00627823537357456,0.0160442834280151
7500,2.66528858890122,2.32228216781906,0.668542891275839,0.0567253077603343,0.0614509216826261,0.00969303500576104,0.00863898587373728,0.00526989667514724,0.0902570706716,2.26434324392786,2.91443340441974,0.746186248092152,0.0932171990508353,0.0731307945622281,0.00969303500576105,0.0133906466714624
7400,2.34099776575106,1.77932854701778,0.628191295568633,0.0615447681342434,0.0536313719449481,0.00491270782312698,0.0263113473772615,0.00554070103540826,0.0382406403274,2.36345365081651,2.89539554915864,0.677481384810154,0.0927416307636567,0.057541146813787,0.00491270782312699,0.0149108233534737
7300,2.09928154006608,3.42842875143351,0.720917453357892,0.111932639723654,0.10165827814121,0.0219387269345999,0.00945276197194659,0.00642639014476465,-0.00342616516306,2.1487439803635,2.82829521087627,0.687427092258823,0.0884555308290536,0.077644825043079,0.0219387269345999,0.0138012600981149
7200,0.725216294197687,2.44086746203678,0.461963505176724,0.200996104354945,0.132374574552524,0.00485130215869337,0.00461601925075451,0.00671276913181678,0.142856551539,1.95769604722901,2.49272673207678,0.636606810484559,0.102427466860911,0.117016426346867,0.00485130215869338,0.0131994940492682
7100,1.82969599190713,4.13093860055559,1.19394658394035,0.158233652768589,0.0856079589707934,0.0226601149497551,0.0348302047123698,0.00878593354443702,0.012004057626,1.74879789798049,2.94489084026092,0.736988330160106,0.116964127099367,0.108991266761659,0.0226601149497551,0.0173590194440642
7000,1.26468935139996,3.03193606575267,0.556300803242955,0.0373504355220206,0.0588350166424463,0.00509083833308445,0.00770393194621155,0.00897085619528747,0.440557332389,1.47972079439272,3.25804271994464,0.740713804722259,0.109649731498959,0.0722214878066197,0.00509083833308446,0.0176503941612124
6900,0.866348660681032,1.72526031967603,0.288093465766951,0.021683734467468,0.0428544570327129,0.00284692652036248,0.0291980565563926,0.0115068071508765,0.275191580459,1.17148757454645,2.83225061200527,0.66585994267007,0.0990892510260499,0.0508447368375795,0.00284692652036249,0.0159651427264601
6800,1.46675677547487,3.87070119446475,0.940536152443824,0.102793814178487,0.0783184053153546,0.01978008119035,0.191401137350444,0.0113029126255833,0.0531836334089,1.35687269486575,3.18970904511226,0.682311518846646,0.0939075571137175,0.0605864311740336,0.01978008119035,0.0390190556298897
6700,1.45003435301194,2.66888465285824,0.670316569918718,0.0371200959825802,0.0856077060250039,0.00783096000972361,0.0282225214807134,0.00965298492721647,0.382962366983,1.26195728514195,2.82419555818792,0.682533228677006,0.0914569056414983,0.0819630556701791,0.00783096000972362,0.0414669975807617
6600,1.95296659156763,4.19271336382495,1.02964715174693,0.158319008389058,0.0619603284057482,0.0172960487241251,0.0233414912325249,0.00924879289647768,0.314344716772,1.43402659518387,3.11438988270599,0.732715210699293,0.10355368567335,0.0737840172153759,0.0172960487241251,0.0410957655626697
6500,0.758900808106679,2.29856828181445,0.596717041098772,0.108118213755354,0.0427616953814901,0.00892487629329734,0.110838854180516,0.0111171743589566,0.414721112423,1.40716463204028,3.2577168732406,0.717190159166904,0.103076882427313,0.052361011893619,0.00892487629329735,0.0537690270887408
6400,1.52933667633611,3.58125017385815,0.703506718033711,0.0456442093284229,0.0522862395180504,0.00676854463153635,0.0230734297449625,0.012127950722992,0.581531001513,1.42280960725559,3.18535411808895,0.747383060774027,0.0836578955489974,0.0475239674497701,0.00676854463153636,0.0560762034005168
6300,1.37816906052467,3.21581993973539,0.88285463315196,0.164638041243184,0.0760064868302654,0.0136295518277992,0.0106966943966414,0.0102099980121295,0.421510621992,1.40484328413377,3.32208793980824,0.708496566925478,0.0844584441083217,0.0641463631741578,0.0136295518277992,0.0530595146110508
6200,0.490236004210505,1.7322221001238,0.598876453766572,0.0187696743979043,0.0499386756379772,0.00509299170538992,0.0847861755696193,0.0097390293654878,0.151230884335,1.03916063729449,2.70696512388295,0.71381852324093,0.0821358489678072,0.0629725812341212,0.00509299170538993,0.0626947950639768
6100,1.16450731275814,2.26461950423878,0.390198882575879,0.0517007810169237,0.0502531190881371,0.00756407396831765,0.030572544391895,0.0101515780706647,0.544026949847,1.14056226345736,2.69847792948903,0.726581700342046,0.0858879797864892,0.050095897363057,0.00756407396831766,0.0628666060434146
6000,1.78726134907809,4.01193892172486,0.847738729116816,0.0873736836087275,0.064624075683049,0.0127287765169952,0.0244199951743349,0.0101659470607115,1.23681318525,1.20504343164285,2.80615011645571,0.71498202242617,0.0839604634652692,0.0574385973855929,0.0127287765169952,0.0419939632714009
5900,1.07940789387799,1.43844739892867,1.03678056898854,0.0869403405096916,0.037119437698918,0.00881083242338969,0.0466058186420536,0.0101477660561775,1.39360329004,1.13035313998118,2.36180698125403,0.760790022309898,0.0901879940311582,0.0508717566909834,0.0088108324233897,0.0442918754165684
5800,0.784593739284616,2.68041295093695,0.40486124131045,0.019430484428459,0.0406451233442957,0.00583483261540065,0.0322600174393126,0.0107416809350941,0.870121193127,1.20394257374971,2.59885469395732,0.682691783505338,0.0728269285360833,0.0388822805216067,0.00583483261540066,0.0454066911924169
5700,1.22568168733121,2.95475989469471,1.53965589118327,0.0350676214261743,0.0710502460225902,0.00881042272666535,0.0519535908330016,0.0107635806124917,0.85699103365,1.21923616739298,2.7713897915713,0.8005591397659,0.0636956044949358,0.0558476846834428,0.00881042272666536,0.0380460332739776
5600,1.10007578215945,1.49293088306497,0.333626610934264,0.0317793805564998,0.0126363692554934,0.00708611480256718,0.00196634422227029,0.0117090743983817,0.598952047393,1.04743977566332,2.14163778190633,0.754324126378469,0.0619625008984454,0.0418433076390417,0.00708611480256719,0.0354076475836411
5500,0.834033734965707,1.96830161299514,0.872453261109099,0.0415318213878916,0.0211947078219725,0.00428248875730076,0.132328384544923,0.00684529561585023,0.726352160008,0.986096235935247,2.27410133542294,0.753023954873112,0.0465742234165339,0.0169155385387328,0.00428248875730077,0.0506116088521763
5400,1.90227241782534,3.09104623082575,0.590070717953422,0.143641982448488,0.0581179038492849,0.0116232721725491,0.0177669307603101,0.00522811100383422,0.530336921889,1.26551590557043,2.37675965539514,0.751923237896468,0.0621832619228568,0.0396563058356286,0.0116232721725491,0.0422342032510126
5300,0.852865017585045,2.35568433670869,0.550761334856472,0.0163234064104579,0.126776411851006,0.00942329504245887,0.0358028204225675,0.00526620722996435,0.612003030831,1.17231173813389,2.22699076589864,0.771993544431542,0.0577610900970486,0.0924471578501453,0.00942329504245888,0.0428879877548467
5200,1.02615062149133,2.27458561778516,1.36100898788579,0.0252564554849024,0.0283533897513599,0.00762415833159239,0.0386272850870188,0.00507888232952973,0.58469514228,1.15383044796686,2.42240444957869,0.836152326777664,0.0499964365815705,0.0775649008011828,0.0076241583315924,0.0446638989939322
5100,0.868362296901629,1.4199619470889,0.362076747204014,0.100117444041138,0.0293929943321929,0.00421968849743356,0.0220535523247991,0.00487520486260966,0.541253593745,1.16241258845084,2.28531953310213,0.751814349054598,0.0516435745230013,0.0288731920417763,0.00421968849743357,0.0415948657042754
5000,0.847844396557796,2.1758800020295,0.805644855163248,0.0255697145280323,0.0225061398252833,0.00397823176765031,0.0740057962869351,0.00524437114312549,0.786829552665,0.898805583133951,2.05652797590306,0.801912300786198,0.0524109782854479,0.025949567078738,0.00397823176765032,0.0468130880602282
4900,0.800005219748386,1.68467138478213,0.265608165472267,0.0420777579371393,0.0169074867237126,0.00586306978672679,0.00738552437223043,0.00778308765408068,0.739934998254,0.885590633674786,1.88877473792142,0.642656335072323,0.0532872453493186,0.0197068132744978,0.0058630697867268,0.0412420797526318
4800,1.52728059270844,2.93108166484142,1.22434625348477,0.109917341375416,0.0419611622036973,0.0116433403998489,0.0794579310255877,0.010658161998237,0.754520381567,1.01087312647906,2.05289874968549,0.753996290391136,0.0630544904516831,0.0294343244637048,0.0116433403998489,0.0509285281030465
4700,1.10065231903903,1.98394770911472,0.48361731026357,0.296232724947701,0.0855948123334207,0.00461029501429899,0.0147620334330247,0.0106346186615736,1.10386526067,1.06894563201341,2.19389519019194,0.705391796535445,0.0948921033966593,0.0637779872685589,0.004610295014299,0.0362327342140592
4600,2.00337780607329,2.85930554737171,0.809183467863319,0.0573090798680149,0.0417723934782228,0.0135113024214619,0.153447855987283,0.0101197873755507,1.21622703413,1.35782898439229,2.3647515765275,0.732780890274182,0.0841004905741001,0.0636836029058216,0.0135113024214619,0.0531928498674308
4500,2.06253449924859,4.4520137017396,1.04791091993023,0.172028001799542,0.0669601066230868,0.0346524598720662,0.0451173172803588,0.00906707960573829,0.829578299413,1.67346130426734,3.05658715576686,0.794924588408402,0.103563564997736,0.0543662500506547,0.0346524598720662,0.0543571619746547
4400,1.82378589478303,4.78290558348299,2.05815244820966,0.099782701660329,0.0570636661343718,0.025844448378748,0.0944698898047576,0.00663224960101836,1.02037213169,1.74758762978599,3.51954313542726,0.882067520948885,0.112879345769664,0.0620118863787292,0.025844448378748,0.0613374875643721
4300,2.94334816652008,5.27970109385338,1.29929407122027,0.121315436412525,0.0997597526865876,0.0202937409402811,0.0502069437466825,0.00396580756397974,0.575436340509,2.20826159165625,4.34348148161192,0.999219686450917,0.115529094816087,0.0784117094104795,0.0202937409402811,0.0648566614921075
4200,2.39229636370125,5.5499772885921,1.5245276997562,0.165216274750843,0.100527435133998,0.0225632166870612,0.0397705789805387,0.00412958989565763,0.740872044266,2.30549123106324,5.01614941691702,1.08908004202504,0.132984914843939,0.100143593910293,0.0225632166870612,0.0605772593288079
4100,2.42026645847166,4.73966873425027,1.53883554925244,0.064270697704973,0.0830515914620021,0.0162058029109236,0.0776052570043399,0.00512995215882744,0.635846124278,2.39492422086901,5.08806317504469,1.24823346499756,0.135759032314918,0.0917895132979999,0.0162058029109236,0.0693547259078216
4000,2.03596959992261,3.81088882288877,0.787359279905133,0.0811767056254189,0.0609546221735602,0.0248944765776204,0.0261774686669196,0.00584035990380515,0.831739459595,2.4479701471539,4.84505898489613,1.1936100933001,0.132166452846168,0.072003106817781,0.0248944765776204,0.0626946681129881
3900,3.06562757206857,5.09809931339506,1.40899388570559,0.131681356608737,0.114441302982759,0.0324382171609418,0.10036783701714,0.00656694179988931,1.19213099056,2.47853999854102,4.79965853978155,1.30928216523036,0.111597531803798,0.0876979625781595,0.0324382171609418,0.0733953935610025
3800,2.40824578983137,4.27475171757151,1.02272610302416,0.0850187097141718,0.0879169266727495,0.0226975725015539,0.0481822228650229,0.00739437654207166,0.461783987819,2.48252735507355,4.4808521470264,1.33597499462546,0.115061235534567,0.101179114827754,0.0226975725015539,0.06023718942072
3700,3.1136656967635,5.00532832852158,1.31507787248515,0.13978055405038,0.112078144943024,0.0235995840997793,0.0430195728146657,0.00753855601314262,1.0076889501,2.65587716464651,4.54726704559423,1.36937086369483,0.111030304565922,0.0999975358078866,0.0235995840997793,0.0599749713625084
3600,2.80820776008011,4.12131791783585,0.828032920520142,0.0645504372830904,0.109326763891087,0.00906990991431619,0.0213423247317938,0.00536742475993976,1.1341718176,2.84893670468589,4.624874319331,1.21560592273364,0.106626271518767,0.110702454417055,0.00906990991431619,0.0508340257283879
3500,2.32652529199978,3.18510194996929,1.00818904320419,0.048044244407498,0.103653836277133,0.0280478596807548,0.223932912085694,0.00522633584320795,1.14403548565,2.66416113466869,4.14662497847456,1.17921779423163,0.0974673725181389,0.10649030008411,0.0280478596807548,0.0725497717707643
3400,4.02255240401309,4.83810066253128,1.37221052598264,0.362092171670728,0.161048130893549,0.0347223847623595,0.0460082627032244,0.00908502406210605,0.753188005646,3.06773778821412,4.2874622147145,1.16017814750993,0.122076859633125,0.132350983585341,0.0347223847623595,0.0733294822361
3300,3.67596528911454,3.75544029029478,0.913240028679949,0.315892039529579,0.229569861153684,0.0147858094394351,0.0626250628250034,0.00645615832206989,0.570835434493,3.20831268630188,3.9749902051578,1.08197870743837,0.1535295273612,0.195308996023616,0.0147858094394351,0.071456957963683
3200,4.74972364367855,3.61394641818981,1.20621900723988,0.123003280614644,0.121424897399712,0.0194130404547445,0.0395630849327474,0.00636146830722063,1.12910891518,3.69369165720149,3.84814733024629,1.13433617335521,0.158757849234853,0.175497379276698,0.0194130404547445,0.0731301599969115
3100,4.43550441456307,3.17169863816622,1.84275883714491,0.120332315991748,0.113726621011521,0.0130482864019761,0.152022352242925,0.00743261600464872,1.34707622624,4.22093643784231,3.84479650229552,1.18855679228513,0.15733921915773,0.117575759205616,0.0130482864019761,0.0795869744001346
3000,3.24149882369657,3.30094414897993,1.13367816806157,0.0545158362111584,0.0886398167859456,0.0167362455423143,0.0814955474096643,0.00876268272930641,1.3959260289,4.02567304276318,3.46050737390769,1.2024258004148,0.153526359969853,0.101183218898733,0.0167362455423143,0.0837511399682147
2900,2.79131967665882,2.79718295100038,0.793761778374502,0.218123866976182,0.104608228150471,0.0176177883012563,0.0755197632890943,0.0127551406768617,1.54539127374,3.80451163964925,3.22094303908409,1.13726128865097,0.163319274085578,0.0966240224682082,0.0176177883012563,0.0878136637775183
2800,3.58082310546312,2.79168805558904,1.20032763450083,0.0436920033476384,0.0559415805104902,0.0161785952392232,0.223051533148983,0.0171676279213242,1.06129908571,3.5122865050954,3.01537844843389,1.18379812789856,0.160711969843647,0.0802749043304805,0.0161785952392232,0.113027314829667
2700,4.40887678122402,3.32126403524699,0.874847608519461,0.0942691757568024,0.0647506006208937,0.0316536778229772,0.105771225909593,0.0178293949333645,1.09489632957,3.50562959676063,3.05276979770409,1.16713044856297,0.16649008626231,0.0603460905656918,0.0316536778229772,0.0982571040576544
2600,4.50385573705275,2.73731888595045,1.12966088179352,0.234577230187907,0.0419790099210518,0.0198200705245132,0.146514817763377,0.0156822083239209,0.607223373035,3.82121882509968,2.91186348194672,1.13681174303933,0.150550718576957,0.0533648052709726,0.0198200705245132,0.110820423440173
2500,2.98334302562979,2.3165310596245,0.527427061844907,0.0204799131556696,0.04025929079983,0.018018139131844,0.0780905746704761,0.0160439679006439,0.75100492029,3.86922466234242,2.79170050910275,1.08858512218495,0.113624202780219,0.0411191503604408,0.018018139131844,0.112753612420858
2400,6.30318081743774,4.46179155213554,1.20217395100565,0.138578847384569,0.0926453483605581,0.0386445578723121,0.476847044864185,0.0152431870654113,0.557251716912,4.54981409033608,3.20922638323937,1.08807949015567,0.115571148626459,0.0664523195801939,0.0386445578723121,0.167414107412287
2300,2.7717711247074,2.14810182671564,0.861280161733932,0.0198374654284482,0.029662338195976,0.0122102548527589,0.1357333186481,0.013765516236738,0.474923496441,4.14053767620692,2.91593583110653,0.965394655729297,0.103009292306047,0.0611538432782669,0.0122102548527589,0.165377978212934
2200,5.01287840761792,5.03448701990767,2.14196612551334,0.160111629779374,0.2580364418809,0.025429652619943,0.264719395561803,0.0110029341417266,0.774042412176,4.26779334384821,3.49022786459584,1.09143065041077,0.116208766502074,0.143849390038438,0.025429652619943,0.188280959231951
2100,3.19367124154725,3.30407311345854,1.85897544042859,0.164903264054237,0.0872195878113311,0.0322746600806644,0.227205323393338,0.0107193229749114,-0.169135152895,4.32037539782758,3.73711337805435,1.22458235816753,0.109556191136831,0.172628014846115,0.0322746600806644,0.207241654244982
2000,2.29262307091317,1.91457371177779,0.638230146532148,0.0376429552971788,0.0328485446913801,0.0185786339218667,0.0395300836353543,0.010178485801358,0.71256652319,3.31773596119643,3.10030891796491,1.15432017217144,0.108800060130523,0.0600340662513555,0.0185786339218667,0.184301473055778
1900,2.74336023324784,1.87499550412858,1.00016744586957,0.105740902680029,0.0954586013404142,0.0426195317737867,0.0770176345772485,0.00974396925235503,0.590449020162,3.31063323833154,3.03203233731815,1.16998515184021,0.110234025995927,0.064153573015897,0.0426195317737867,0.180707274139235
1800,3.65464180812629,2.86854620643784,1.02438887128886,0.132701268886355,0.0887780776038582,0.0430127936205707,0.0746801006743233,0.00962969606178288,0.971954031435,2.97107408845864,2.49054713395069,1.15682615052713,0.0974995308332325,0.0921183394721361,0.0430127936205707,0.171727934503104
1700,4.05879698003048,2.6018434085425,1.03528872316086,0.0474713207112285,0.0840721159843213,0.0328720151979163,0.112381416784468,0.00924257419598311,1.09106998203,3.18735552307944,2.31498970772168,1.22030885819162,0.100873456777677,0.0864250967940896,0.0328720151979163,0.176014289767353
1600,4.06322800432954,1.6629261381778,0.869941731666245,0.122422949702337,0.0882085008252366,0.0266461038445656,0.0890302515992193,0.00964597402691263,1.17233803164,3.63000675643354,2.25207781432168,1.17877983077419,0.0988539695673984,0.0861403084047788,0.0266461038445656,0.127537190609232
1500,4.52700010885762,2.40377712140054,1.44861577562404,0.10466005067605,0.104210202402446,0.0239752909061455,0.214900222612851,0.0107311081132514,1.11827674573,4.07591672533598,2.38427321863967,1.25219678251046,0.109456792723349,0.0962093516138411,0.0239752909061455,0.137433053604826
1400,3.94779815392354,3.02218429366386,2.21572943000903,0.270778640496118,0.298451753499983,0.0409577082850471,0.094043303482608,0.0152449085861521,0.543391865483,4.14920581178529,2.42268274044618,1.26141719557242,0.123290169062942,0.201330977951214,0.0409577082850471,0.116098542094926
1300,4.83223924380145,2.75006585134087,1.06153206689181,0.219198858394456,0.387666286273047,0.0877123666707316,0.606067455821377,0.0220050327166364,0.642631621762,4.34256637772804,2.45973835114577,1.16173677388032,0.130077118355469,0.343059019886515,0.0877123666707316,0.163456308648431
1200,4.91078551030591,3.48250646654644,1.02070575212345,0.273620641331954,0.402847901452545,0.0798426708305024,1.54714824812289,0.0175428837216207,0.730764516257,4.55445575422213,2.91463343323793,1.20954622457923,0.159574329109816,0.395257093862796,0.0798426708305024,0.351908579209373
1100,4.67639698441278,3.25612601665094,1.40915516949815,0.327837015912763,0.37198857351091,0.0571220343175227,0.672071547735808,0.0177046735702759,0.443562247949,4.59180497311092,3.12772065705053,1.26066969003281,0.187336343263908,0.387418237481727,0.0571220343175227,0.426290318354193
1000,4.60938929100355,3.63313415233873,1.00518507480383,0.18082605357206,0.258464134534429,0.0507058871314739,0.208111432609391,0.0207923956267894,0.597915894449,4.75720275738092,3.28045812171925,1.25826921547218,0.193351941349621,0.315226354022669,0.0507058871314739,0.442969234846077
900,5.5339886174033,3.05845144245093,1.32911631236159,0.154410290933521,0.35783373777891,0.248895670762932,0.187130666937924,0.023484700641779,0.52034808172,4.93264010078138,3.35755451949676,1.29499766412227,0.206719312627407,0.308148936156669,0.248895670762932,0.452312891115259
800,3.45810903022167,2.26282590180408,1.26707672227194,0.160415299621189,0.271764994212002,0.10366166208492,0.382525607062715,0.0231119944654216,0.473534967978,4.56947098076032,3.05263437831117,1.34463953794798,0.211468356367264,0.314799365995456,0.10366166208492,0.488999810548195
700,3.09069387687616,2.87430674894323,0.864463016379572,0.167931532029379,0.282815653864872,0.20186229270277,0.297360099620587,0.0197673891406911,0.378717948271,4.17304520387617,2.95717956138424,1.27162044304242,0.21937729153643,0.277290324038437,0.20186229270277,0.499307295174163
600,4.55209736940333,2.43707650195032,1.44155914412095,0.163298474334761,0.456643087290205,0.452631915517164,0.417829283470157,0.0249840157793224,0.72217522807,4.15872222347611,2.65816514878714,1.17484915730641,0.20594227076626,0.369729370577538,0.452631915517164,0.539780542672606
500,3.62514342883049,2.30634827378291,1.22586916900267,0.192411197402088,0.436395343754222,0.492883289656238,0.573061423486065,0.0264140939832382,0.928623817633,3.68151092633291,2.47013935662014,1.19539129507027,0.202593813142214,0.446519215522213,0.492883289656238,0.535654788630692
